霍伊特团队,9.7,美国,剧情,https://movie.douban.com/subject/2006101/,https://img3.doubanio.com/view/photo/s_ratio_poster/public/p2329853674.jpg
肖申克的救赎,9.6,美国,剧情,https://movie.douban.com/subject/1292052/,https://img3.doubanio.com/view/photo/s_ratio_poster/public/p480747492.jpg
控方证人,9.6,美国,剧情,https://movie.douban.com/subject/1296141/,https://img1.doubanio.com/view/photo/s_ratio_poster/public/p1505392928.jpg
威尔和格蕾丝 告别秀,9.6,美国,剧情,https://movie.douban.com/subject/2263259/,https://img1.doubanio.com/view/photo/s_ratio_poster/public/p2408281629.jpg
迈克尔・杰克逊：音乐历史专辑全集,9.6,美国,剧情,https://movie.douban.com/subject/2122919/,https://img3.doubanio.com/lpic/s2541232.jpg
演员工作室：老爸老妈的浪漫史,9.5,美国,剧情,https://movie.douban.com/subject/25855990/,https://img3.doubanio.com/view/photo/s_ratio_poster/public/p2176444996.jpg
NBA黄金50周年纪念特辑,9.6,美国,剧情,https://movie.douban.com/subject/3145883/,https://img3.doubanio.com/view/photo/s_ratio_poster/public/p2381286642.jpg
天使在美国第二部：重建,9.5,美国,剧情,https://movie.douban.com/subject/27045950/,https://img3.doubanio.com/view/photo/s_ratio_poster/public/p2474462430.jpg
AFI终身成就奖：向阿尔帕西诺致敬,9.6,美国,剧情,https://movie.douban.com/subject/4832752/,https://img3.doubanio.com/view/photo/s_ratio_poster/public/p1586263052.jpg
拉娜・德雷：西海岸,9.5,美国,剧情,https://movie.douban.com/subject/25940511/,https://img3.doubanio.com/view/photo/s_ratio_poster/public/p2193232040.jpg
豪斯医生完季特别篇：天鹅挽歌,9.5,美国,剧情,https://movie.douban.com/subject/10757823/,https://img3.doubanio.com/view/photo/s_ratio_poster/public/p2201534004.jpg
怪诞小镇特别篇：松林之间,9.5,美国,剧情,https://movie.douban.com/subject/26744258/,https://img3.doubanio.com/view/photo/s_ratio_poster/public/p2324315416.jpg
跳出我天地音乐剧,9.4,美国,剧情,https://movie.douban.com/subject/26264388/,https://img3.doubanio.com/view/photo/s_ratio_poster/public/p2215874393.jpg
天使在美国第一部：千禧年降临,9.4,美国,剧情,https://movie.douban.com/subject/27021257/,https://img3.doubanio.com/view/photo/s_ratio_poster/public/p2455727120.jpg
阿甘正传,9.4,美国,剧情,https://movie.douban.com/subject/1292720/,https://img1.doubanio.com/view/photo/s_ratio_poster/public/p510876377.jpg
辛德勒的名单,9.4,美国,剧情,https://movie.douban.com/subject/1295124/,https://img3.doubanio.com/view/photo/s_ratio_poster/public/p492406163.jpg
十二怒汉,9.4,美国,剧情,https://movie.douban.com/subject/1293182/,https://img3.doubanio.com/view/photo/s_ratio_poster/public/p2173577632.jpg
福尔摩斯二世,9.4,美国,剧情,https://movie.douban.com/subject/1303408/,https://img1.doubanio.com/view/photo/s_ratio_poster/public/p2206737207.jpg
十二怒汉,9.4,美国,剧情,https://movie.douban.com/subject/10583098/,https://img3.doubanio.com/view/photo/s_ratio_poster/public/p2153875961.jpg
控方证人,9.4,美国,剧情,https://movie.douban.com/subject/5294851/,https://img3.doubanio.com/view/photo/s_ratio_poster/public/p2367853261.jpg
绝不折中：绝命毒师最终季制作记录,9.4,美国,剧情,https://movie.douban.com/subject/25779043/,https://img3.doubanio.com/view/photo/s_ratio_poster/public/p2208788564.jpg
疑犯追踪 试播集,9.4,美国,剧情,https://movie.douban.com/subject/24700683/,https://img1.doubanio.com/view/photo/s_ratio_poster/public/p1974739828.jpg
拽妹黛薇儿要上大学了没,9.4,美国,剧情,https://movie.douban.com/subject/2054458/,https://img3.doubanio.com/view/photo/s_ratio_poster/public/p2441936540.jpg
博弈论,9.4,美国,剧情,https://movie.douban.com/subject/3272459/,https://img3.doubanio.com/view/photo/s_ratio_poster/public/p2254959230.jpg
拜访森林,9.4,美国,剧情,https://movie.douban.com/subject/25741291/,https://img3.doubanio.com/view/photo/s_ratio_poster/public/p2155898916.jpg
Christina Aguilera: Back to Basics - Live and Down Under,9.4,美国,剧情,https://movie.douban.com/subject/3060405/,https://img3.doubanio.com/view/photo/s_ratio_poster/public/p2498697744.jpg
聪明狗走天涯,9.4,美国,剧情,https://movie.douban.com/subject/1297777/,https://img1.doubanio.com/lpic/s1788447.jpg
南方公园之梦想国度,9.3,美国,剧情,https://movie.douban.com/subject/5179539/,https://img3.doubanio.com/lpic/s5293436.jpg
盗梦空间,9.3,美国,剧情,https://movie.douban.com/subject/3541415/,https://img3.doubanio.com/view/photo/s_ratio_poster/public/p513344864.jpg
海豚湾,9.3,美国,剧情,https://movie.douban.com/subject/3442220/,https://img3.doubanio.com/view/photo/s_ratio_poster/public/p455222172.jpg
The Work of Director Michel Gondry,9.3,美国,剧情,https://movie.douban.com/subject/1400646/,https://img1.doubanio.com/view/photo/s_ratio_poster/public/p1348801388.jpg
诱惑乐队,9.3,美国,剧情,https://movie.douban.com/subject/2138114/,https://img3.doubanio.com/lpic/s2572066.jpg
查理布朗男孩,9.3,美国,剧情,https://movie.douban.com/subject/1295406/,https://img1.doubanio.com/view/photo/s_ratio_poster/public/p577559527.jpg
山谷崛起,9.3,美国,剧情,https://movie.douban.com/subject/26291600/,https://img3.doubanio.com/view/photo/s_ratio_poster/public/p2221606645.jpg
土豆工厂,9.4,美国,剧情,https://movie.douban.com/subject/1793083/,https://img3.doubanio.com/view/photo/s_ratio_poster/public/p2233036824.jpg
冰上卡门,9.3,美国,剧情,https://movie.douban.com/subject/1998081/,https://img3.doubanio.com/lpic/s4044014.jpg
泰坦尼克号,9.2,美国,剧情,https://movie.douban.com/subject/1292722/,https://img3.doubanio.com/view/photo/s_ratio_poster/public/p457760035.jpg
海上钢琴师,9.2,美国,剧情,https://movie.douban.com/subject/1292001/,https://img1.doubanio.com/view/photo/s_ratio_poster/public/p511146807.jpg
忠犬八公的故事,9.2,美国,剧情,https://movie.douban.com/subject/3011091/,https://img3.doubanio.com/view/photo/s_ratio_poster/public/p524964016.jpg
霸王别姬,9.5,香港,剧情,https://movie.douban.com/subject/1291546/,https://img3.doubanio.com/view/photo/s_ratio_poster/public/p1910813120.jpg
Small Matters 音乐录像故事,9.4,香港,剧情,https://movie.douban.com/subject/2295463/,https://img1.doubanio.com/lpic/s2752638.jpg
背靠背，脸对脸,9.3,香港,剧情,https://movie.douban.com/subject/1307856/,https://img1.doubanio.com/view/photo/s_ratio_poster/public/p2505048077.jpg
帝女花,9.3,香港,剧情,https://movie.douban.com/subject/1918697/,https://img1.doubanio.com/view/photo/s_ratio_poster/public/p2324412917.jpg
大话西游之大圣娶亲,9.2,香港,剧情,https://movie.douban.com/subject/1292213/,https://img3.doubanio.com/view/photo/s_ratio_poster/public/p2455050536.jpg
幸福的旁边,9.1,香港,剧情,https://movie.douban.com/subject/26879897/,https://img3.doubanio.com/view/photo/s_ratio_poster/public/p2503447611.jpg
活着,9.1,香港,剧情,https://movie.douban.com/subject/1292365/,https://img3.doubanio.com/view/photo/s_ratio_poster/public/p2173575484.jpg
南海十三郎,9.1,香港,剧情,https://movie.douban.com/subject/1303913/,https://img1.doubanio.com/view/photo/s_ratio_poster/public/p2328424489.jpg
无间道,9.0,香港,剧情,https://movie.douban.com/subject/1307914/,https://img3.doubanio.com/view/photo/s_ratio_poster/public/p2233971046.jpg
上海滩,9.0,香港,剧情,https://movie.douban.com/subject/6311260/,https://img3.doubanio.com/view/photo/s_ratio_poster/public/p2344833803.jpg
霹雳兵燹,9.3,台湾,剧情,https://movie.douban.com/subject/1920838/,https://img1.doubanio.com/view/photo/s_ratio_poster/public/p1492646738.jpg
冲天,9.2,台湾,剧情,https://movie.douban.com/subject/26602234/,https://img3.doubanio.com/view/photo/s_ratio_poster/public/p2279974285.jpg
时之繁花,9.2,台湾,剧情,https://movie.douban.com/subject/25774028/,https://img3.doubanio.com/view/photo/s_ratio_poster/public/p2216519411.jpg
饮食男女,9.1,台湾,剧情,https://movie.douban.com/subject/1291818/,https://img3.doubanio.com/view/photo/s_ratio_poster/public/p1910899751.jpg
少年派的奇幻漂流,9.0,台湾,剧情,https://movie.douban.com/subject/1929463/,https://img3.doubanio.com/view/photo/s_ratio_poster/public/p1784592701.jpg
长假,9.0,台湾,剧情,https://movie.douban.com/subject/3098844/,https://img3.doubanio.com/view/photo/s_ratio_poster/public/p2153135246.jpg
控方证人,9.6,美国,爱情,https://movie.douban.com/subject/1296141/,https://img1.doubanio.com/view/photo/s_ratio_poster/public/p1505392928.jpg
威尔和格蕾丝 告别秀,9.6,美国,爱情,https://movie.douban.com/subject/2263259/,https://img1.doubanio.com/view/photo/s_ratio_poster/public/p2408281629.jpg
迈克尔・杰克逊：音乐历史专辑全集,9.6,美国,爱情,https://movie.douban.com/subject/2122919/,https://img3.doubanio.com/lpic/s2541232.jpg
迈克尔・杰克逊：专辑历史记录第二辑,9.6,美国,爱情,https://movie.douban.com/subject/1857382/,https://img1.doubanio.com/lpic/s4145497.jpg
演员工作室：老爸老妈的浪漫史,9.5,美国,爱情,https://movie.douban.com/subject/25855990/,https://img3.doubanio.com/view/photo/s_ratio_poster/public/p2176444996.jpg
NBA黄金50周年纪念特辑,9.6,美国,爱情,https://movie.douban.com/subject/3145883/,https://img3.doubanio.com/view/photo/s_ratio_poster/public/p2381286642.jpg
天使在美国第二部：重建,9.5,美国,爱情,https://movie.douban.com/subject/27045950/,https://img3.doubanio.com/view/photo/s_ratio_poster/public/p2474462430.jpg
阿甘正传,9.4,美国,爱情,https://movie.douban.com/subject/1292720/,https://img1.doubanio.com/view/photo/s_ratio_poster/public/p510876377.jpg
福尔摩斯二世,9.4,美国,爱情,https://movie.douban.com/subject/1303408/,https://img1.doubanio.com/view/photo/s_ratio_poster/public/p2206737207.jpg
snorks,9.4,美国,爱情,https://movie.douban.com/subject/1863428/,https://img3.doubanio.com/lpic/s1796635.jpg
盗梦空间,9.3,美国,爱情,https://movie.douban.com/subject/3541415/,https://img3.doubanio.com/view/photo/s_ratio_poster/public/p513344864.jpg
机器人总动员,9.3,美国,爱情,https://movie.douban.com/subject/2131459/,https://img3.doubanio.com/view/photo/s_ratio_poster/public/p449665982.jpg
图兰朵,9.3,美国,爱情,https://movie.douban.com/subject/11531648/,https://img1.doubanio.com/view/photo/s_ratio_poster/public/p2509441469.jpg
泰坦尼克号,9.2,美国,爱情,https://movie.douban.com/subject/1292722/,https://img3.doubanio.com/view/photo/s_ratio_poster/public/p457760035.jpg
海上钢琴师,9.2,美国,爱情,https://movie.douban.com/subject/1292001/,https://img1.doubanio.com/view/photo/s_ratio_poster/public/p511146807.jpg
疯狂动物城,9.2,美国,爱情,https://movie.douban.com/subject/25662329/,https://img1.doubanio.com/view/photo/s_ratio_poster/public/p2315672647.jpg
乱世佳人,9.2,美国,爱情,https://movie.douban.com/subject/1300267/,https://img3.doubanio.com/view/photo/s_ratio_poster/public/p1963126880.jpg
摩登时代,9.2,美国,爱情,https://movie.douban.com/subject/1294371/,https://img3.doubanio.com/view/photo/s_ratio_poster/public/p2173707976.jpg
城市之光,9.2,美国,爱情,https://movie.douban.com/subject/1293908/,https://img3.doubanio.com/view/photo/s_ratio_poster/public/p2099815842.jpg
生活多美好,9.2,美国,爱情,https://movie.douban.com/subject/1293749/,https://img1.doubanio.com/view/photo/s_ratio_poster/public/p771490367.jpg
你逃我也逃,9.2,美国,爱情,https://movie.douban.com/subject/1303418/,https://img3.doubanio.com/view/photo/s_ratio_poster/public/p1339915772.jpg
A Very Gaga Thanksgiving,9.2,美国,爱情,https://movie.douban.com/subject/7001285/,https://img1.doubanio.com/lpic/s7009578.jpg
天旋地转,9.2,美国,爱情,https://movie.douban.com/subject/5150857/,https://img1.doubanio.com/view/photo/s_ratio_poster/public/p1656099587.jpg
AFI终身成就奖：向梅丽尔・斯特里普致敬,9.2,美国,爱情,https://movie.douban.com/subject/5217322/,https://img1.doubanio.com/lpic/s4475928.jpg
饮食男女,9.1,美国,爱情,https://movie.douban.com/subject/1291818/,https://img3.doubanio.com/view/photo/s_ratio_poster/public/p1910899751.jpg
美国往事,9.1,美国,爱情,https://movie.douban.com/subject/1292262/,https://img1.doubanio.com/view/photo/s_ratio_poster/public/p477229647.jpg
暴力云与送子鹳,9.1,美国,爱情,https://movie.douban.com/subject/3734350/,https://img3.doubanio.com/view/photo/s_ratio_poster/public/p449756673.jpg
马戏团,9.1,美国,爱情,https://movie.douban.com/subject/1299628/,https://img3.doubanio.com/view/photo/s_ratio_poster/public/p2248445275.jpg
卡门,9.1,美国,爱情,https://movie.douban.com/subject/1448669/,https://img3.doubanio.com/view/photo/s_ratio_poster/public/p2500317262.jpg
人人都爱雷蒙德: 最后的笑声,9.1,美国,爱情,https://movie.douban.com/subject/3290527/,https://img3.doubanio.com/lpic/s3353335.jpg
吉屋出租：百老汇剧场版,9.1,美国,爱情,https://movie.douban.com/subject/24857754/,https://img1.doubanio.com/view/photo/s_ratio_poster/public/p2037132488.jpg
艾蒂与茜雅：漫长婚约,9.1,美国,爱情,https://movie.douban.com/subject/4152738/,https://img3.doubanio.com/view/photo/s_ratio_poster/public/p1509382174.jpg
博士的女伴,9.1,美国,爱情,https://movie.douban.com/subject/11625156/,https://img3.doubanio.com/view/photo/s_ratio_poster/public/p1876814414.jpg
虎王归来,9.1,美国,爱情,https://movie.douban.com/subject/24849943/,https://img3.doubanio.com/view/photo/s_ratio_poster/public/p2029447346.jpg
Josh Groban in Concert,9.1,美国,爱情,https://movie.douban.com/subject/3004300/,https://img3.doubanio.com/view/photo/s_ratio_poster/public/p2295442463.jpg
淘金记,9.0,美国,爱情,https://movie.douban.com/subject/1298817/,https://img3.doubanio.com/view/photo/s_ratio_poster/public/p1581774481.jpg
将军号,9.0,美国,爱情,https://movie.douban.com/subject/1292778/,https://img3.doubanio.com/view/photo/s_ratio_poster/public/p2248676081.jpg
稻草人,9.0,美国,爱情,https://movie.douban.com/subject/1867778/,https://img1.doubanio.com/view/photo/s_ratio_poster/public/p2503556327.jpg
双X：这个游戏的名称,9.0,美国,爱情,https://movie.douban.com/subject/1294819/,https://img3.doubanio.com/lpic/s3932346.jpg
Titanic: Breaking New Ground,9.0,美国,爱情,https://movie.douban.com/subject/10553302/,https://img3.doubanio.com/view/photo/s_ratio_poster/public/p1469563182.jpg
金色池塘,9.0,美国,爱情,https://movie.douban.com/subject/5135239/,https://img3.doubanio.com/view/photo/s_ratio_poster/public/p2507466255.jpg
爱的奇迹,9.0,美国,爱情,https://movie.douban.com/subject/2119286/,https://img3.doubanio.com/view/photo/s_ratio_poster/public/p533191776.jpg
比才：卡门,9.0,美国,爱情,https://movie.douban.com/subject/20379214/,https://img3.doubanio.com/view/photo/s_ratio_poster/public/p2160380844.jpg
Michel Gondry 2: More Videos,9.0,美国,爱情,https://movie.douban.com/subject/3872558/,https://img3.doubanio.com/view/photo/s_ratio_poster/public/p2192255135.jpg
霸王别姬,9.5,香港,爱情,https://movie.douban.com/subject/1291546/,https://img3.doubanio.com/view/photo/s_ratio_poster/public/p1910813120.jpg
蝶影红梨记,9.4,香港,爱情,https://movie.douban.com/subject/4047730/,https://img3.doubanio.com/view/photo/s_ratio_poster/public/p2388820490.jpg
紫钗记,9.3,香港,爱情,https://movie.douban.com/subject/1401219/,https://img1.doubanio.com/view/photo/s_ratio_poster/public/p2274298717.jpg
大话西游之大圣娶亲,9.2,香港,爱情,https://movie.douban.com/subject/1292213/,https://img3.doubanio.com/view/photo/s_ratio_poster/public/p2455050536.jpg
幸福的旁边,9.1,香港,爱情,https://movie.douban.com/subject/26879897/,https://img3.doubanio.com/view/photo/s_ratio_poster/public/p2503447611.jpg
南海十三郎,9.1,香港,爱情,https://movie.douban.com/subject/1303913/,https://img1.doubanio.com/view/photo/s_ratio_poster/public/p2328424489.jpg
上海滩,9.0,香港,爱情,https://movie.douban.com/subject/6311260/,https://img3.doubanio.com/view/photo/s_ratio_poster/public/p2344833803.jpg
莫文蔚: 好莫文蔚巡演唱,9.5,台湾,爱情,https://movie.douban.com/subject/4314336/,https://img3.doubanio.com/lpic/s4199506.jpg
冲天,9.2,台湾,爱情,https://movie.douban.com/subject/26602234/,https://img3.doubanio.com/view/photo/s_ratio_poster/public/p2279974285.jpg
饮食男女,9.1,台湾,爱情,https://movie.douban.com/subject/1291818/,https://img3.doubanio.com/view/photo/s_ratio_poster/public/p1910899751.jpg
小捣蛋,9.7,美国,喜剧,https://movie.douban.com/subject/4714058/,https://img3.doubanio.com/view/photo/s_ratio_poster/public/p2217061102.jpg
威尔和格蕾丝 告别秀,9.6,美国,喜剧,https://movie.douban.com/subject/2263259/,https://img1.doubanio.com/view/photo/s_ratio_poster/public/p2408281629.jpg
演员工作室：老爸老妈的浪漫史,9.5,美国,喜剧,https://movie.douban.com/subject/25855990/,https://img3.doubanio.com/view/photo/s_ratio_poster/public/p2176444996.jpg
Wattstax,9.6,美国,喜剧,https://movie.douban.com/subject/1975692/,https://img1.doubanio.com/view/photo/s_ratio_poster/public/p2374623518.jpg
绿日乐队：圣经上的子弹演唱会,9.5,美国,喜剧,https://movie.douban.com/subject/2052209/,https://img3.doubanio.com/view/photo/s_ratio_poster/public/p2510821205.jpg
怪诞小镇特别篇：松林之间,9.5,美国,喜剧,https://movie.douban.com/subject/26744258/,https://img3.doubanio.com/view/photo/s_ratio_poster/public/p2324315416.jpg
创造“哈利`波特”的世界：生物,9.5,美国,喜剧,https://movie.douban.com/subject/6721622/,https://img1.doubanio.com/view/photo/s_ratio_poster/public/p2425167528.jpg
跳出我天地音乐剧,9.4,美国,喜剧,https://movie.douban.com/subject/26264388/,https://img3.doubanio.com/view/photo/s_ratio_poster/public/p2215874393.jpg
杰夫・敦哈姆：星星之火让人抓狂,9.5,美国,喜剧,https://movie.douban.com/subject/2363526/,https://img1.doubanio.com/view/photo/s_ratio_poster/public/p1709619099.jpg
威尔和格蕾丝：后台通行证,9.5,美国,喜剧,https://movie.douban.com/subject/3231922/,https://img1.doubanio.com/lpic/s3279208.jpg
滑稽玩偶,9.5,美国,喜剧,https://movie.douban.com/subject/5096157/,https://img3.doubanio.com/view/photo/s_ratio_poster/public/p1528882872.jpg
Judah Friedlander: America is the Greatest Country in the United States,9.4,美国,喜剧,https://movie.douban.com/subject/27149822/,https://img1.doubanio.com/view/photo/s_ratio_poster/public/p2504460157.jpg
怀旧评论狂,9.4,美国,喜剧,https://movie.douban.com/subject/5153418/,https://img3.doubanio.com/view/photo/s_ratio_poster/public/p2352857712.jpg
哈利同人音乐剧第一部,9.6,美国,喜剧,https://movie.douban.com/subject/20388406/,https://img3.doubanio.com/view/photo/s_ratio_poster/public/p2191854174.jpg
阿甘正传,9.4,美国,喜剧,https://movie.douban.com/subject/1292720/,https://img1.doubanio.com/view/photo/s_ratio_poster/public/p510876377.jpg
福尔摩斯二世,9.4,美国,喜剧,https://movie.douban.com/subject/1303408/,https://img1.doubanio.com/view/photo/s_ratio_poster/public/p2206737207.jpg
吉米・鸡毛逊毙了！马达翻身当主持,9.4,美国,喜剧,https://movie.douban.com/subject/26721341/,https://img3.doubanio.com/view/photo/s_ratio_poster/public/p2315824435.jpg
拽妹黛薇儿要上大学了没,9.4,美国,喜剧,https://movie.douban.com/subject/2054458/,https://img3.doubanio.com/view/photo/s_ratio_poster/public/p2441936540.jpg
博弈论,9.4,美国,喜剧,https://movie.douban.com/subject/3272459/,https://img3.doubanio.com/view/photo/s_ratio_poster/public/p2254959230.jpg
拜访森林,9.4,美国,喜剧,https://movie.douban.com/subject/25741291/,https://img3.doubanio.com/view/photo/s_ratio_poster/public/p2155898916.jpg
克里斯洛克脱口秀,9.4,美国,喜剧,https://movie.douban.com/subject/2150624/,https://img3.doubanio.com/lpic/s2604291.jpg
聪明狗走天涯,9.4,美国,喜剧,https://movie.douban.com/subject/1297777/,https://img1.doubanio.com/lpic/s1788447.jpg
平方根：海绵宝宝的故事,9.3,美国,喜剧,https://movie.douban.com/subject/4001873/,https://img3.doubanio.com/lpic/s3956255.jpg
南方公园之梦想国度,9.3,美国,喜剧,https://movie.douban.com/subject/5179539/,https://img3.doubanio.com/lpic/s5293436.jpg
snorks,9.4,美国,喜剧,https://movie.douban.com/subject/1863428/,https://img3.doubanio.com/lpic/s1796635.jpg
30 Rock Kidney Now,9.4,美国,喜剧,https://movie.douban.com/subject/3868403/,https://img3.doubanio.com/lpic/s4044946.jpg
机器人总动员,9.3,美国,喜剧,https://movie.douban.com/subject/2131459/,https://img3.doubanio.com/view/photo/s_ratio_poster/public/p449665982.jpg
浪漫小夜曲,9.3,美国,喜剧,https://movie.douban.com/subject/1937462/,https://img1.doubanio.com/view/photo/s_ratio_poster/public/p2458595709.jpg
甜美的老鼠生活,9.3,美国,喜剧,https://movie.douban.com/subject/1937461/,https://img3.doubanio.com/view/photo/s_ratio_poster/public/p1068583516.jpg
周六夜现场：贾斯汀・丁伯莱克/Lady Gaga,9.3,美国,喜剧,https://movie.douban.com/subject/6132713/,https://img1.doubanio.com/view/photo/s_ratio_poster/public/p1027139099.jpg
The Work of Director Michel Gondry,9.3,美国,喜剧,https://movie.douban.com/subject/1400646/,https://img1.doubanio.com/view/photo/s_ratio_poster/public/p1348801388.jpg
绅士流浪汉,9.3,美国,喜剧,https://movie.douban.com/subject/4088692/,https://img1.doubanio.com/view/photo/s_ratio_poster/public/p2177308567.jpg
老鼠在曼哈顿,9.3,美国,喜剧,https://movie.douban.com/subject/2155209/,https://img1.doubanio.com/view/photo/s_ratio_poster/public/p2458339319.jpg
乔治 卡林：王者归来,9.3,美国,喜剧,https://movie.douban.com/subject/3054636/,https://img3.doubanio.com/view/photo/s_ratio_poster/public/p2508661214.jpg
室内溜冰场,9.3,美国,喜剧,https://movie.douban.com/subject/5262256/,https://img3.doubanio.com/lpic/s8912836.jpg
周六夜现场,9.3,美国,喜剧,https://movie.douban.com/subject/6713364/,https://img3.doubanio.com/view/photo/s_ratio_poster/public/p1835772460.jpg
黑或白,9.3,美国,喜剧,https://movie.douban.com/subject/3266982/,https://img3.doubanio.com/view/photo/s_ratio_poster/public/p2502492576.jpg
"Russell Peters: Two Concerts, One Ticket",9.3,美国,喜剧,https://movie.douban.com/subject/6087827/,https://img1.doubanio.com/lpic/s4699657.jpg
辛普森一家：颁奖季,9.3,美国,喜剧,https://movie.douban.com/subject/6008882/,https://img1.doubanio.com/view/photo/s_ratio_poster/public/p2497035958.jpg
查理布朗男孩,9.3,美国,喜剧,https://movie.douban.com/subject/1295406/,https://img1.doubanio.com/view/photo/s_ratio_poster/public/p577559527.jpg
伙伴们,9.3,美国,喜剧,https://movie.douban.com/subject/6524294/,https://img3.doubanio.com/lpic/s6620364.jpg
土豆工厂,9.4,美国,喜剧,https://movie.douban.com/subject/1793083/,https://img3.doubanio.com/view/photo/s_ratio_poster/public/p2233036824.jpg
Rocky Horror Tribute Show,9.3,美国,喜剧,https://movie.douban.com/subject/3539046/,https://img3.doubanio.com/lpic/s3598686.jpg
疯狂动物城,9.2,美国,喜剧,https://movie.douban.com/subject/25662329/,https://img1.doubanio.com/view/photo/s_ratio_poster/public/p2315672647.jpg
摩登时代,9.2,美国,喜剧,https://movie.douban.com/subject/1294371/,https://img3.doubanio.com/view/photo/s_ratio_poster/public/p2173707976.jpg
城市之光,9.2,美国,喜剧,https://movie.douban.com/subject/1293908/,https://img3.doubanio.com/view/photo/s_ratio_poster/public/p2099815842.jpg
生活多美好,9.2,美国,喜剧,https://movie.douban.com/subject/1293749/,https://img1.doubanio.com/view/photo/s_ratio_poster/public/p771490367.jpg
你逃我也逃,9.2,美国,喜剧,https://movie.douban.com/subject/1303418/,https://img3.doubanio.com/view/photo/s_ratio_poster/public/p1339915772.jpg
欢乐树的朋友们：赶尽杀绝,9.2,美国,喜剧,https://movie.douban.com/subject/3075070/,https://img3.doubanio.com/lpic/s1806732.jpg
欢乐树的朋友们：第二发球,9.2,美国,喜剧,https://movie.douban.com/subject/1393471/,https://img3.doubanio.com/view/photo/s_ratio_poster/public/p2162261726.jpg
欢乐树的朋友们：第三击,9.2,美国,喜剧,https://movie.douban.com/subject/1393472/,https://img3.doubanio.com/lpic/s1806711.jpg
欢乐树的朋友们：寒假,9.2,美国,喜剧,https://movie.douban.com/subject/1872077/,https://img3.doubanio.com/lpic/s1806745.jpg
汤姆的能量,9.2,美国,喜剧,https://movie.douban.com/subject/1937464/,https://img1.doubanio.com/lpic/s8354299.jpg
拉塞尔・皮特斯：红白褐,9.2,美国,喜剧,https://movie.douban.com/subject/3578890/,https://img3.doubanio.com/view/photo/s_ratio_poster/public/p2320299004.jpg
拽妹黛薇儿之暑假要结束了没,9.2,美国,喜剧,https://movie.douban.com/subject/2054560/,https://img1.doubanio.com/view/photo/s_ratio_poster/public/p2383100558.jpg
周六夜现场,9.2,美国,喜剧,https://movie.douban.com/subject/4706591/,https://img3.doubanio.com/view/photo/s_ratio_poster/public/p2362999490.jpg
周六夜现场,9.2,美国,喜剧,https://movie.douban.com/subject/2346297/,https://img3.doubanio.com/view/photo/s_ratio_poster/public/p836398212.jpg
乔治・卡林：你们都有病,9.2,美国,喜剧,https://movie.douban.com/subject/4199429/,https://img3.doubanio.com/view/photo/s_ratio_poster/public/p2508661126.jpg
周六夜现场,9.2,美国,喜剧,https://movie.douban.com/subject/6727006/,https://img3.doubanio.com/view/photo/s_ratio_poster/public/p1866167902.jpg
辛普森一家之恐怖树屋第十九部,9.2,美国,喜剧,https://movie.douban.com/subject/3289641/,https://img3.doubanio.com/lpic/s3351970.jpg
迪斯尼彭彭丁满欢乐大餐,9.2,美国,喜剧,https://movie.douban.com/subject/2074343/,https://img3.doubanio.com/lpic/s6888773.jpg
乔治・卡林：人生因失而值,9.2,美国,喜剧,https://movie.douban.com/subject/3095617/,https://img3.doubanio.com/view/photo/s_ratio_poster/public/p2165125235.jpg
猫之布鲁斯,9.2,美国,喜剧,https://movie.douban.com/subject/2191393/,https://img3.doubanio.com/lpic/s8938696.jpg
猫儿上天堂,9.2,美国,喜剧,https://movie.douban.com/subject/5262224/,https://img3.doubanio.com/lpic/s8514370.jpg
圣诞前夜,9.2,美国,喜剧,https://movie.douban.com/subject/3120785/,https://img3.doubanio.com/view/photo/s_ratio_poster/public/p2456684073.jpg
乔治・卡林：挤在纽约,9.2,美国,喜剧,https://movie.douban.com/subject/3706177/,https://img3.doubanio.com/view/photo/s_ratio_poster/public/p2508661554.jpg
好莱坞碗演奏会,9.1,美国,喜剧,https://movie.douban.com/subject/2144680/,https://img3.doubanio.com/view/photo/s_ratio_poster/public/p2437612871.jpg
冷气礼堂的喧哗: 比尔・奥雷利 vs. 逅就,9.2,美国,喜剧,https://movie.douban.com/subject/19961485/,https://img1.doubanio.com/view/photo/s_ratio_poster/public/p1717230188.jpg
Jeff Dunham 跟自己吵架,9.2,美国,喜剧,https://movie.douban.com/subject/2363540/,https://img3.doubanio.com/view/photo/s_ratio_poster/public/p1709607935.jpg
史努比的惊险夏令营,9.2,美国,喜剧,https://movie.douban.com/subject/2139403/,https://img1.doubanio.com/view/photo/s_ratio_poster/public/p1979604578.jpg
难舍难分,9.2,美国,喜剧,https://movie.douban.com/subject/3840029/,https://img3.doubanio.com/view/photo/s_ratio_poster/public/p2206663461.jpg
楚门的世界,9.1,美国,喜剧,https://movie.douban.com/subject/1292064/,https://img3.doubanio.com/view/photo/s_ratio_poster/public/p479682972.jpg
触不可及,9.1,美国,喜剧,https://movie.douban.com/subject/6786002/,https://img3.doubanio.com/view/photo/s_ratio_poster/public/p1454261925.jpg
两杆大烟枪,9.1,美国,喜剧,https://movie.douban.com/subject/1293350/,https://img1.doubanio.com/view/photo/s_ratio_poster/public/p792443418.jpg
寻梦环游记,9.0,美国,喜剧,https://movie.douban.com/subject/20495023/,https://img1.doubanio.com/view/photo/s_ratio_poster/public/p2503997609.jpg
暴力云与送子鹳,9.1,美国,喜剧,https://movie.douban.com/subject/3734350/,https://img3.doubanio.com/view/photo/s_ratio_poster/public/p449756673.jpg
寻子遇仙记,9.1,美国,喜剧,https://movie.douban.com/subject/1293270/,https://img1.doubanio.com/view/photo/s_ratio_poster/public/p2332976198.jpg
马戏团,9.1,美国,喜剧,https://movie.douban.com/subject/1299628/,https://img3.doubanio.com/view/photo/s_ratio_poster/public/p2248445275.jpg
欢乐树的朋友们,9.1,美国,喜剧,https://movie.douban.com/subject/4181031/,https://img3.doubanio.com/view/photo/s_ratio_poster/public/p1269191733.jpg
乔治・卡林：这对你不好,9.1,美国,喜剧,https://movie.douban.com/subject/3001399/,https://img1.doubanio.com/view/photo/s_ratio_poster/public/p2509392958.jpg
老鼠罐头工厂,9.1,美国,喜剧,https://movie.douban.com/subject/1826853/,https://img3.doubanio.com/lpic/s8354291.jpg
欢乐树的朋友们：滑雪巡逻救生队,9.1,美国,喜剧,https://movie.douban.com/subject/3075092/,https://img3.doubanio.com/lpic/s3622650.jpg
双人高尔夫,9.1,美国,喜剧,https://movie.douban.com/subject/1937451/,https://img3.doubanio.com/view/photo/s_ratio_poster/public/p2458339224.jpg
猫钓鱼,9.1,美国,喜剧,https://movie.douban.com/subject/1937466/,https://img1.doubanio.com/view/photo/s_ratio_poster/public/p2458595717.jpg
父子野餐,9.1,美国,喜剧,https://movie.douban.com/subject/1826855/,https://img3.doubanio.com/lpic/s8354516.jpg
周六夜现场,9.1,美国,喜剧,https://movie.douban.com/subject/21361552/,https://img3.doubanio.com/view/photo/s_ratio_poster/public/p1894383482.jpg
人人都爱雷蒙德: 最后的笑声,9.1,美国,喜剧,https://movie.douban.com/subject/3290527/,https://img3.doubanio.com/lpic/s3353335.jpg
周六夜现场：40周年特别庆典,9.1,美国,喜剧,https://movie.douban.com/subject/26320764/,https://img3.doubanio.com/view/photo/s_ratio_poster/public/p2227937905.jpg
辛普森一家之万圣节专辑之恐怖树屋,9.1,美国,喜剧,https://movie.douban.com/subject/2296049/,https://img3.doubanio.com/lpic/s2753652.jpg
无所畏惧,9.1,美国,喜剧,https://movie.douban.com/subject/2173593/,https://img3.doubanio.com/view/photo/s_ratio_poster/public/p2322720201.jpg
人鼠之间,9.1,美国,喜剧,https://movie.douban.com/subject/26431592/,https://img3.doubanio.com/view/photo/s_ratio_poster/public/p2252276881.jpg
淘金岁月,9.1,美国,喜剧,https://movie.douban.com/subject/1928887/,https://img3.doubanio.com/view/photo/s_ratio_poster/public/p2357505174.jpg
辛普森一家之恐怖树屋第十七部,9.1,美国,喜剧,https://movie.douban.com/subject/2157194/,https://img1.doubanio.com/lpic/s2614747.jpg
飞行猫,9.1,美国,喜剧,https://movie.douban.com/subject/2137156/,https://img1.doubanio.com/view/photo/s_ratio_poster/public/p2458595828.jpg
加菲猫的侦探故事,9.1,美国,喜剧,https://movie.douban.com/subject/3211959/,https://img3.doubanio.com/view/photo/s_ratio_poster/public/p868064563.jpg
网球白痴,9.1,美国,喜剧,https://movie.douban.com/subject/2137548/,https://img3.doubanio.com/view/photo/s_ratio_poster/public/p2494212990.jpg
德鲁大叔,9.2,美国,喜剧,https://movie.douban.com/subject/26665408/,https://img3.doubanio.com/view/photo/s_ratio_poster/public/p2401288743.jpg
爆竹风波,9.1,美国,喜剧,https://movie.douban.com/subject/2137554/,https://img1.doubanio.com/view/photo/s_ratio_poster/public/p2494213107.jpg
两个小印第安,9.1,美国,喜剧,https://movie.douban.com/subject/5262247/,https://img3.doubanio.com/lpic/s4467782.jpg
马克吐温美国幽默奖：蒂娜・菲,9.1,美国,喜剧,https://movie.douban.com/subject/5367928/,https://img1.doubanio.com/lpic/s4541828.jpg
捕鼠陷阱,9.1,美国,喜剧,https://movie.douban.com/subject/2137177/,https://img3.doubanio.com/view/photo/s_ratio_poster/public/p2458596041.jpg
休战的伤害,9.1,美国,喜剧,https://movie.douban.com/subject/5290009/,https://img1.doubanio.com/view/photo/s_ratio_poster/public/p2464858879.jpg
宠物之争,9.1,美国,喜剧,https://movie.douban.com/subject/5262258/,https://img3.doubanio.com/lpic/s8459243.jpg
本尼・希尔搞笑表演集锦,9.1,美国,喜剧,https://movie.douban.com/subject/1494928/,https://img3.doubanio.com/view/photo/s_ratio_poster/public/p2327819375.jpg
Matthew Gray Gubler: The Unauthorized Documentary,9.1,美国,喜剧,https://movie.douban.com/subject/3830052/,https://img3.doubanio.com/view/photo/s_ratio_poster/public/p2194290495.jpg
周六夜现场:   艾米・波勒精选集,9.1,美国,喜剧,https://movie.douban.com/subject/3703336/,https://img3.doubanio.com/lpic/s4073912.jpg
一路L，查理布朗,9.1,美国,喜剧,https://movie.douban.com/subject/1296181/,https://img1.doubanio.com/view/photo/s_ratio_poster/public/p2206513238.jpg
阿福世界,9.1,美国,喜剧,https://movie.douban.com/subject/4603384/,https://img1.doubanio.com/lpic/s4214847.jpg
A Colbert Christmas: The Greatest Gift of All!,9.0,美国,喜剧,https://movie.douban.com/subject/3312796/,https://img3.doubanio.com/lpic/s3376726.jpg
光荣的日子,9.1,美国,喜剧,https://movie.douban.com/subject/3724036/,https://img3.doubanio.com/view/photo/s_ratio_poster/public/p1112469352.jpg
飞越疯人院,9.0,美国,喜剧,https://movie.douban.com/subject/1292224/,https://img1.doubanio.com/view/photo/s_ratio_poster/public/p792238287.jpg
电焊工波力,9.0,美国,喜剧,https://movie.douban.com/subject/3338821/,https://img3.doubanio.com/view/photo/s_ratio_poster/public/p1202712652.jpg
宇宙快递,9.0,美国,喜剧,https://movie.douban.com/subject/25884822/,https://img3.doubanio.com/view/photo/s_ratio_poster/public/p2229847445.jpg
宠物,9.0,美国,喜剧,https://movie.douban.com/subject/25750820/,https://img3.doubanio.com/view/photo/s_ratio_poster/public/p2195528326.jpg
淘金记,9.0,美国,喜剧,https://movie.douban.com/subject/1298817/,https://img3.doubanio.com/view/photo/s_ratio_poster/public/p1581774481.jpg
欢乐树的朋友们：第一滴血,9.0,美国,喜剧,https://movie.douban.com/subject/1393470/,https://img1.doubanio.com/lpic/s1806727.jpg
将军号,9.0,美国,喜剧,https://movie.douban.com/subject/1292778/,https://img3.doubanio.com/view/photo/s_ratio_poster/public/p2248676081.jpg
猫的协奏曲,9.0,美国,喜剧,https://movie.douban.com/subject/1295833/,https://img3.doubanio.com/view/photo/s_ratio_poster/public/p2458595750.jpg
小孤儿,9.0,美国,喜剧,https://movie.douban.com/subject/1296573/,https://img3.doubanio.com/lpic/s8432261.jpg
欢乐树的朋友们：鼹鼠进城,9.0,美国,喜剧,https://movie.douban.com/subject/1872083/,https://img1.doubanio.com/lpic/s1806738.jpg
稻草人,9.0,美国,喜剧,https://movie.douban.com/subject/1867778/,https://img1.doubanio.com/view/photo/s_ratio_poster/public/p2503556327.jpg
辛普森一家：家庭治疗,9.0,美国,喜剧,https://movie.douban.com/subject/1850674/,https://img3.doubanio.com/lpic/s1742552.jpg
拉塞尔・皮特斯：幽默无国界,9.0,美国,喜剧,https://movie.douban.com/subject/4186797/,https://img3.doubanio.com/view/photo/s_ratio_poster/public/p2320297416.jpg
周六夜现场,9.0,美国,喜剧,https://movie.douban.com/subject/24521861/,https://img1.doubanio.com/view/photo/s_ratio_poster/public/p2456874717.jpg
周六夜现场,9.0,美国,喜剧,https://movie.douban.com/subject/25775524/,https://img3.doubanio.com/view/photo/s_ratio_poster/public/p2164369882.jpg
周六夜现场,9.0,美国,喜剧,https://movie.douban.com/subject/10742710/,https://img1.doubanio.com/view/photo/s_ratio_poster/public/p1571258197.jpg
老鼠打扫记,9.0,美国,喜剧,https://movie.douban.com/subject/2155204/,https://img3.doubanio.com/lpic/s8514360.jpg
保镖,9.0,美国,喜剧,https://movie.douban.com/subject/5262213/,https://img3.doubanio.com/view/photo/s_ratio_poster/public/p2456687514.jpg
隐形墨水,9.0,美国,喜剧,https://movie.douban.com/subject/5262222/,https://img3.doubanio.com/lpic/s4467736.jpg
杰瑞的表兄,9.0,美国,喜剧,https://movie.douban.com/subject/3113288/,https://img1.doubanio.com/lpic/s8354088.jpg
杰瑞和狮子,9.0,美国,喜剧,https://movie.douban.com/subject/2137538/,https://img3.doubanio.com/view/photo/s_ratio_poster/public/p2458595794.jpg
机器鸡DC漫画特辑3：魔幻基友,9.0,美国,喜剧,https://movie.douban.com/subject/26644606/,https://img3.doubanio.com/view/photo/s_ratio_poster/public/p2312933024.jpg
寂寞的老鼠,9.0,美国,喜剧,https://movie.douban.com/subject/2137169/,https://img3.doubanio.com/view/photo/s_ratio_poster/public/p2456686820.jpg
麻烦的诞生,9.0,美国,喜剧,https://movie.douban.com/subject/3113128/,https://img1.doubanio.com/lpic/s8514368.jpg
周末夜之猫,9.0,美国,喜剧,https://movie.douban.com/subject/2144684/,https://img3.doubanio.com/view/photo/s_ratio_poster/public/p2506716493.jpg
强力乳液,9.0,美国,喜剧,https://movie.douban.com/subject/3110686/,https://img3.doubanio.com/view/photo/s_ratio_poster/public/p2456686900.jpg
午睡纠纷,9.0,美国,喜剧,https://movie.douban.com/subject/2137158/,https://img3.doubanio.com/lpic/s4466624.jpg
杰瑞与小象,9.0,美国,喜剧,https://movie.douban.com/subject/5262244/,https://img3.doubanio.com/lpic/s4467781.jpg
周六夜现场,9.0,美国,喜剧,https://movie.douban.com/subject/5973957/,https://img1.doubanio.com/view/photo/s_ratio_poster/public/p1764557799.jpg
皇帝的睡眠,9.0,美国,喜剧,https://movie.douban.com/subject/2138399/,https://img3.doubanio.com/lpic/s4466643.jpg
Russell Peters: Show Me the Funny,9.0,美国,喜剧,https://movie.douban.com/subject/5380957/,https://img3.doubanio.com/lpic/s4551740.jpg
偷懒的猫,9.0,美国,喜剧,https://movie.douban.com/subject/1463981/,https://img1.doubanio.com/lpic/s4466619.jpg
有恩必报,9.0,美国,喜剧,https://movie.douban.com/subject/5262239/,https://img1.doubanio.com/view/photo/s_ratio_poster/public/p2494213667.jpg
彩虹,9.0,美国,喜剧,https://movie.douban.com/subject/1971485/,https://img3.doubanio.com/view/photo/s_ratio_poster/public/p503390374.jpg
小雪人喜欢我,9.1,美国,喜剧,https://movie.douban.com/subject/5262207/,https://img3.doubanio.com/lpic/s4467821.jpg
胆小的猫咪,9.0,美国,喜剧,https://movie.douban.com/subject/5290016/,https://img1.doubanio.com/lpic/s8938699.jpg
金色池塘,9.0,美国,喜剧,https://movie.douban.com/subject/5135239/,https://img3.doubanio.com/view/photo/s_ratio_poster/public/p2507466255.jpg
杰夫・敦哈姆:混乱特工,9.0,美国,喜剧,https://movie.douban.com/subject/6866452/,https://img3.doubanio.com/view/photo/s_ratio_poster/public/p1709614060.jpg
Gabriel Iglesias: I'm Not Fat... I'm Fluffy,9.0,美国,喜剧,https://movie.douban.com/subject/5244254/,https://img3.doubanio.com/lpic/s4455546.jpg
"小顽童,小捣蛋",9.0,美国,喜剧,https://movie.douban.com/subject/1302676/,https://img3.doubanio.com/lpic/s3239194.jpg
比尔・马厄：我是瑞士人,9.0,美国,喜剧,https://movie.douban.com/subject/3657136/,https://img3.doubanio.com/lpic/s3716715.jpg
哈利波特同人音乐剧 第二部,9.0,美国,喜剧,https://movie.douban.com/subject/6958656/,https://img1.doubanio.com/view/photo/s_ratio_poster/public/p2229750548.jpg
如此美好的一天(短片),9.0,美国,喜剧,https://movie.douban.com/subject/10598713/,https://img3.doubanio.com/view/photo/s_ratio_poster/public/p2395484381.jpg
Eddie Izzard: Dress to Kill,9.0,美国,喜剧,https://movie.douban.com/subject/1866427/,https://img3.doubanio.com/view/photo/s_ratio_poster/public/p2180891675.jpg
周六夜现场: 吉米・法伦精选集,9.0,美国,喜剧,https://movie.douban.com/subject/2070339/,https://img3.doubanio.com/view/photo/s_ratio_poster/public/p1363544362.jpg
Bill Burr: Why Do I Do This?,9.0,美国,喜剧,https://movie.douban.com/subject/3623770/,https://img3.doubanio.com/lpic/s3686833.jpg
R2-D2 Beneath The Dome,9.0,美国,喜剧,https://movie.douban.com/subject/3176843/,https://img3.doubanio.com/view/photo/s_ratio_poster/public/p1609214584.jpg
拉里・戴维：消消气,9.1,美国,喜剧,https://movie.douban.com/subject/4893726/,https://img3.doubanio.com/view/photo/s_ratio_poster/public/p2500849806.jpg
拾下拾下,9.6,香港,喜剧,https://movie.douban.com/subject/26801795/,https://img3.doubanio.com/view/photo/s_ratio_poster/public/p2359001422.jpg
秋前算账,9.6,香港,喜剧,https://movie.douban.com/subject/26801794/,https://img3.doubanio.com/view/photo/s_ratio_poster/public/p2358999062.jpg
越大镬越快乐,9.5,香港,喜剧,https://movie.douban.com/subject/25810998/,https://img3.doubanio.com/view/photo/s_ratio_poster/public/p2365168701.jpg
哗众取宠,9.5,香港,喜剧,https://movie.douban.com/subject/26791663/,https://img3.doubanio.com/view/photo/s_ratio_poster/public/p2351203974.jpg
黄子华栋笃笑之犹坑,9.6,香港,喜剧,https://movie.douban.com/subject/26794221/,https://img1.doubanio.com/view/photo/s_ratio_poster/public/p2352295709.jpg
娱乐圈血肉史,9.3,香港,喜剧,https://movie.douban.com/subject/25786046/,https://img3.doubanio.com/view/photo/s_ratio_poster/public/p2210682395.jpg
娱乐圈血肉史2,9.4,香港,喜剧,https://movie.douban.com/subject/26348796/,https://img1.doubanio.com/view/photo/s_ratio_poster/public/p2239371338.jpg
S子A栋笃笑之色情家庭,9.4,香港,喜剧,https://movie.douban.com/subject/26796663/,https://img1.doubanio.com/view/photo/s_ratio_poster/public/p2353716227.jpg
跟住去边度,9.3,香港,喜剧,https://movie.douban.com/subject/26767519/,https://img3.doubanio.com/view/photo/s_ratio_poster/public/p2329970542.jpg
S子AV笑之末世神,9.3,香港,喜剧,https://movie.douban.com/subject/26797718/,https://img1.doubanio.com/view/photo/s_ratio_poster/public/p2378106307.jpg
大话西游之大圣娶亲,9.2,香港,喜剧,https://movie.douban.com/subject/1292213/,https://img3.doubanio.com/view/photo/s_ratio_poster/public/p2455050536.jpg
黄子华栋笃笑之洗燥,9.1,香港,喜剧,https://movie.douban.com/subject/26582661/,https://img3.doubanio.com/view/photo/s_ratio_poster/public/p2425882934.jpg
一磅肉,9.1,香港,喜剧,https://movie.douban.com/subject/3543679/,https://img3.doubanio.com/view/photo/s_ratio_poster/public/p2342489640.jpg
,,台湾,喜剧,,
